{
  "Replicate 1": 0.721194505,
  "Replicate 3": 1.159121976,
  "Replicate 4": 1.050818688,
  "Replicate 5": 0.883929946,
  "Replicate 6": 0.969212281,
  "MEAN pRab10-Thr73/WT": 0.956855479,
  "STDev": 0.166393914
}
